-- ============================================================
-- SEED DATA: Datos de ejemplo para desarrollo/demo
-- ============================================================
-- NOTA: Ejecutar SOLO después de la migración inicial.
-- Reemplazar UUIDs de auth.users con usuarios reales.
-- ============================================================

-- 1. RESTAURANTE DEMO
INSERT INTO restaurantes (id, nombre, direccion, telefono, plan)
VALUES (
  '00000000-0000-0000-0000-000000000001',
  'Restaurante Demo',
  'Calle Principal #123, Ciudad',
  '+57 300 123 4567',
  'avanzado'
) ON CONFLICT (id) DO NOTHING;

-- 2. CATEGORÍAS
INSERT INTO categorias (id, restaurante_id, nombre, descripcion, color, orden) VALUES
  ('00000000-0000-0000-0000-000000000010', '00000000-0000-0000-0000-000000000001', 'Entradas', 'Entradas y aperitivos', 'blue', 1),
  ('00000000-0000-0000-0000-000000000011', '00000000-0000-0000-0000-000000000001', 'Platos Fuertes', 'Platos principales', 'green', 2),
  ('00000000-0000-0000-0000-000000000012', '00000000-0000-0000-0000-000000000001', 'Bebidas', 'Bebidas frías y calientes', 'orange', 3),
  ('00000000-0000-0000-0000-000000000013', '00000000-0000-0000-0000-000000000001', 'Postres', 'Postres y dulces', 'pink', 4),
  ('00000000-0000-0000-0000-000000000014', '00000000-0000-0000-0000-000000000001', 'Complementos', 'Acompañamientos y extras', 'gray', 5)
ON CONFLICT (id) DO NOTHING;

-- 3. PRODUCTOS
INSERT INTO productos (id, restaurante_id, categoria_id, nombre, descripcion, precio_venta, unidad_medida, impuesto, activo) VALUES
  ('00000000-0000-0000-0000-000000000020', '00000000-0000-0000-0000-000000000001', '00000000-0000-0000-0000-000000000010', 'Nachos con Queso', 'Totopos con queso cheddar y jalapeños', 15000, 'unidad', 19, TRUE),
  ('00000000-0000-0000-0000-000000000021', '00000000-0000-0000-0000-000000000001', '00000000-0000-0000-0000-000000000010', 'Alitas BBQ (6und)', 'Alitas de pollo bañadas en salsa BBQ', 22000, 'unidad', 19, TRUE),
  ('00000000-0000-0000-0000-000000000022', '00000000-0000-0000-0000-000000000001', '00000000-0000-0000-0000-000000000011', 'Hamburguesa Clásica', 'Carne 200g, queso, lechuga, tomate, cebolla', 22000, 'unidad', 19, TRUE),
  ('00000000-0000-0000-0000-000000000023', '00000000-0000-0000-0000-000000000001', '00000000-0000-0000-0000-000000000011', 'Hamburguesa BBQ', 'Carne 200g, queso, cebolla caramelizada, BBQ', 25000, 'unidad', 19, TRUE),
  ('00000000-0000-0000-0000-000000000024', '00000000-0000-0000-0000-000000000001', '00000000-0000-0000-0000-000000000011', 'Pizza Personal (Pepperoni)', 'Pizza personal de pepperoni con mozzarella', 18000, 'unidad', 19, TRUE),
  ('00000000-0000-0000-0000-000000000025', '00000000-0000-0000-0000-000000000001', '00000000-0000-0000-0000-000000000011', 'Pizza Personal (Hawaiana)', 'Pizza personal con jamón y piña', 18000, 'unidad', 19, TRUE),
  ('00000000-0000-0000-0000-000000000026', '00000000-0000-0000-0000-000000000001', '00000000-0000-0000-0000-000000000012', 'Coca-Cola 500ml', 'Gaseosa Coca-Cola personal 500ml', 5000, 'unidad', 19, TRUE),
  ('00000000-0000-0000-0000-000000000027', '00000000-0000-0000-0000-000000000001', '00000000-0000-0000-0000-000000000012', 'Limonada Natural', 'Limonada natural con hierbabuena', 7000, 'unidad', 19, TRUE),
  ('00000000-0000-0000-0000-000000000028', '00000000-0000-0000-0000-000000000001', '00000000-0000-0000-0000-000000000012', 'Cerveza Artesanal', 'Cerveza artesanal 330ml', 12000, 'unidad', 19, TRUE),
  ('00000000-0000-0000-0000-000000000029', '00000000-0000-0000-0000-000000000001', '00000000-0000-0000-0000-000000000013', 'Brownie con Helado', 'Brownie de chocolate con helado de vainilla', 12000, 'unidad', 19, TRUE),
  ('00000000-0000-0000-0000-00000000002a', '00000000-0000-0000-0000-000000000001', '00000000-0000-0000-0000-000000000013', 'Flan Casero', 'Flan de caramelo con crema batida', 9000, 'unidad', 19, TRUE),
  ('00000000-0000-0000-0000-00000000002b', '00000000-0000-0000-0000-000000000001', '00000000-0000-0000-0000-000000000014', 'Papas Fritas', 'Porción de papas fritas', 8000, 'unidad', 19, TRUE),
  ('00000000-0000-0000-0000-00000000002c', '00000000-0000-0000-0000-000000000001', '00000000-0000-0000-0000-000000000014', 'Aros de Cebolla', 'Porción de aros de cebolla empanizados', 9000, 'unidad', 19, TRUE)
ON CONFLICT (id) DO NOTHING;

-- 4. MESAS
INSERT INTO mesas (id, restaurante_id, numero, nombre, capacidad, ubicacion) VALUES
  ('00000000-0000-0000-0000-000000000030', '00000000-0000-0000-0000-000000000001', 1, 'Mesa 1', 2, 'Interior - Ventana'),
  ('00000000-0000-0000-0000-000000000031', '00000000-0000-0000-0000-000000000001', 2, 'Mesa 2', 4, 'Interior - Centro'),
  ('00000000-0000-0000-0000-000000000032', '00000000-0000-0000-0000-000000000001', 3, 'Mesa 3', 4, 'Interior - Centro'),
  ('00000000-0000-0000-0000-000000000033', '00000000-0000-0000-0000-000000000001', 4, 'Mesa 4', 6, 'Interior - Salón'),
  ('00000000-0000-0000-0000-000000000034', '00000000-0000-0000-0000-000000000001', 5, 'Mesa 5', 2, 'Terraza'),
  ('00000000-0000-0000-0000-000000000035', '00000000-0000-0000-0000-000000000001', 6, 'Mesa 6', 4, 'Terraza'),
  ('00000000-0000-0000-0000-000000000036', '00000000-0000-0000-0000-000000000001', 7, 'Mesa 7', 4, 'Terraza'),
  ('00000000-0000-0000-0000-000000000037', '00000000-0000-0000-0000-000000000001', 8, 'Mesa 8', 8, 'Terraza - VIP'),
  ('00000000-0000-0000-0000-000000000038', '00000000-0000-0000-0000-000000000001', 9, 'Mesa 9', 6, 'Interior - Privado'),
  ('00000000-0000-0000-0000-000000000039', '00000000-0000-0000-0000-000000000001', 10, 'Barra', 1, 'Barra')
ON CONFLICT (restaurante_id, numero) DO NOTHING;

-- 5. INVENTARIO (insumos)
INSERT INTO inventario (id, restaurante_id, nombre, unidad_medida, cantidad_actual, cantidad_minima, costo_unitario) VALUES
  ('00000000-0000-0000-0000-000000000040', '00000000-0000-0000-0000-000000000001', 'Pan de hamburguesa', 'unidad', 50, 10, 1500),
  ('00000000-0000-0000-0000-000000000041', '00000000-0000-0000-0000-000000000001', 'Carne molida 200g', 'unidad', 40, 10, 4500),
  ('00000000-0000-0000-0000-000000000042', '00000000-0000-0000-0000-000000000001', 'Queso cheddar (lámina)', 'unidad', 60, 15, 800),
  ('00000000-0000-0000-0000-000000000043', '00000000-0000-0000-0000-000000000001', 'Lechuga (kg)', 'kilogramo', 5, 1, 3000),
  ('00000000-0000-0000-0000-000000000044', '00000000-0000-0000-0000-000000000001', 'Tomate (kg)', 'kilogramo', 8, 2, 2500),
  ('00000000-0000-0000-0000-000000000045', '00000000-0000-0000-0000-000000000001', 'Cebolla (kg)', 'kilogramo', 10, 2, 2000),
  ('00000000-0000-0000-0000-000000000046', '00000000-0000-0000-0000-000000000001', 'Papas (kg)', 'kilogramo', 20, 5, 3000),
  ('00000000-0000-0000-0000-000000000047', '00000000-0000-0000-0000-000000000001', 'Coca-Cola 500ml', 'unidad', 48, 12, 2500),
  ('00000000-0000-0000-0000-000000000048', '00000000-0000-0000-0000-000000000001', 'Masa de pizza personal', 'unidad', 30, 10, 2000),
  ('00000000-0000-0000-0000-000000000049', '00000000-0000-0000-0000-000000000001', 'Pepperoni (kg)', 'kilogramo', 3, 1, 15000),
  ('00000000-0000-0000-0000-00000000004a', '00000000-0000-0000-0000-000000000001', 'Queso mozzarella (kg)', 'kilogramo', 5, 1, 12000)
ON CONFLICT (id) DO NOTHING;

-- 6. RECETAS (escandallos)
INSERT INTO recetas (id, restaurante_id, producto_id, nombre, porciones) VALUES
  ('00000000-0000-0000-0000-000000000050', '00000000-0000-0000-0000-000000000001', '00000000-0000-0000-0000-000000000022', 'Receta Hamburguesa Clásica', 1),
  ('00000000-0000-0000-0000-000000000051', '00000000-0000-0000-0000-000000000001', '00000000-0000-0000-0000-000000000024', 'Receta Pizza Pepperoni', 1)
ON CONFLICT (id) DO NOTHING;

-- 7. INGREDIENTES DE RECETA
INSERT INTO ingredientes_receta (id, receta_id, inventario_id, cantidad) VALUES
  -- Hamburguesa Clásica: 1 pan, 1 carne, 1 queso, 50g lechuga, 100g tomate, 30g cebolla
  ('00000000-0000-0000-0000-000000000060', '00000000-0000-0000-0000-000000000050', '00000000-0000-0000-0000-000000000040', 1),
  ('00000000-0000-0000-0000-000000000061', '00000000-0000-0000-0000-000000000050', '00000000-0000-0000-0000-000000000041', 1),
  ('00000000-0000-0000-0000-000000000062', '00000000-0000-0000-0000-000000000050', '00000000-0000-0000-0000-000000000042', 1),
  ('00000000-0000-0000-0000-000000000063', '00000000-0000-0000-0000-000000000050', '00000000-0000-0000-0000-000000000043', 0.050),
  ('00000000-0000-0000-0000-000000000064', '00000000-0000-0000-0000-000000000050', '00000000-0000-0000-0000-000000000044', 0.100),
  ('00000000-0000-0000-0000-000000000065', '00000000-0000-0000-0000-000000000050', '00000000-0000-0000-0000-000000000045', 0.030),
  -- Pizza Pepperoni: 1 masa, 0.150kg mozzarella, 0.100kg pepperoni
  ('00000000-0000-0000-0000-000000000066', '00000000-0000-0000-0000-000000000051', '00000000-0000-0000-0000-000000000048', 1),
  ('00000000-0000-0000-0000-000000000067', '00000000-0000-0000-0000-000000000051', '00000000-0000-0000-0000-00000000004a', 0.150),
  ('00000000-0000-0000-0000-000000000068', '00000000-0000-0000-0000-000000000051', '00000000-0000-0000-0000-000000000049', 0.100)
ON CONFLICT (id) DO NOTHING;

-- 8. PROVEEDORES
INSERT INTO proveedores (id, restaurante_id, nombre, contacto, telefono, email) VALUES
  ('00000000-0000-0000-0000-000000000070', '00000000-0000-0000-0000-000000000001', 'Distribuidora de Carnes S.A.S.', 'Carlos Méndez', '+57 311 222 3344', 'carlos@distcarnes.com'),
  ('00000000-0000-0000-0000-000000000071', '00000000-0000-0000-0000-000000000001', 'Lácteos del Valle', 'María Gómez', '+57 315 444 5566', 'maria@lacteosvalle.com'),
  ('00000000-0000-0000-0000-000000000072', '00000000-0000-0000-0000-000000000001', 'Bebidas Latinas', 'Pedro Ramírez', '+57 300 777 8899', 'pedro@bebidaslatinas.com')
ON CONFLICT (id) DO NOTHING;
